{
  "bestAmount": 219539.77258998156,
  "medianPerformance": 26.766166170127097,
  "averagePerformance": 34.91859806449086,
  "totalKills": 8,
  "fastestKill": 1104908,
  "difficulty": 10,
  "metric": "dps",
  "partition": 1,
  "zone": 47,
  "ranks": [
    {
      "lockedIn": true,
      "rankPercent": 31.059660060207875,
      "historicalPercent": 31.059660060207875,
      "todayPercent": 30.482889044031513,
      "rankTotalParses": 4340,
      "historicalTotalParses": 4340,
      "todayTotalParses": 5143,
      "guild": {
        "id": null,
        "name": null,
        "faction": null
      },
      "report": {
        "code": "FVbnRwACkMhPzBTx",
        "startTime": 1782641684394,
        "fightID": 1
      },
      "duration": 1779583,
      "startTime": 1782641807657,
      "amount": 219539.77258998156,
      "bracketData": 21,
      "spec": "Unholy",
      "bestSpec": "Unholy",
      "class": 1,
      "affixes": [
        9,
        10,
        147
      ],
      "medal": "bronze",
      "score": 500.42535416667,
      "leaderboard": 0,
      "faction": 0
    },
    {
      "lockedIn": true,
      "rankPercent": 22.472672280046318,
      "historicalPercent": 22.472672280046318,
      "todayPercent": 19.38617122928762,
      "rankTotalParses": 7622,
      "historicalTotalParses": 7622,
      "todayTotalParses": 9926,
      "guild": {
        "id": null,
        "name": null,
        "faction": null
      },
      "report": {
        "code": "pVcDfvmLqj1b6Z9X",
        "startTime": 1781803097106,
        "fightID": 4
      },
      "duration": 1661801,
      "startTime": 1781808192684,
      "amount": 195547.59490001202,
      "bracketData": 20,
      "spec": "Unholy",
      "bestSpec": "Unholy",
      "class": 1,
      "affixes": [
        9,
        10,
        147
      ],
      "medal": "bronze",
      "score": 487.87914583333,
      "leaderboard": 0,
      "faction": 0
    },
    {
      "lockedIn": true,
      "rankPercent": 8.999969081245942,
      "historicalPercent": 8.999969081245942,
      "todayPercent": 7.288595029640589,
      "rankTotalParses": 4761,
      "historicalTotalParses": 4761,
      "todayTotalParses": 9926,
      "guild": {
        "id": null,
        "name": null,
        "faction": null
      },
      "report": {
        "code": "jy1AwDpx2Gt7PFgm",
        "startTime": 1780228180037,
        "fightID": 5
      },
      "duration": 1755894,
      "startTime": 1780245433884,
      "amount": 185506.88480997086,
      "bracketData": 20,
      "spec": "Unholy",
      "bestSpec": "Unholy",
      "class": 1,
      "affixes": [
        9,
        10,
        147
      ],
      "medal": "bronze",
      "score": 485.918875,
      "leaderboard": 0,
      "faction": 0
    },
    {
      "lockedIn": true,
      "rankPercent": 21.74190650490743,
      "historicalPercent": 21.74190650490743,
      "todayPercent": 17.219453917274414,
      "rankTotalParses": 4556,
      "historicalTotalParses": 4556,
      "todayTotalParses": 16378,
      "guild": {
        "id": null,
        "name": null,
        "faction": null
      },
      "report": {
        "code": "6c93TKD8NAX2mdMx",
        "startTime": 1777976386897,
        "fightID": 1
      },
      "duration": 1795072,
      "startTime": 1777976588656,
      "amount": 162656.7508199811,
      "bracketData": 18,
      "spec": "Unholy",
      "bestSpec": "Unholy",
      "class": 1,
      "affixes": [
        9,
        10,
        147
      ],
      "medal": "bronze",
      "score": 455.10266666667,
      "leaderboard": 0,
      "faction": 0
    },
    {
      "lockedIn": true,
      "rankPercent": 10.612080143781817,
      "historicalPercent": 10.612080143781817,
      "todayPercent": 7.9718057826751405,
      "rankTotalParses": 4556,
      "historicalTotalParses": 4556,
      "todayTotalParses": 16378,
      "guild": {
        "id": null,
        "name": null,
        "faction": null
      },
      "report": {
        "code": "r421RZ7k8Tan6jfh",
        "startTime": 1777914203258,
        "fightID": 4
      },
      "duration": 1829840,
      "startTime": 1777916249411,
      "amount": 154412.8257099986,
      "bracketData": 18,
      "spec": "Unholy",
      "bestSpec": "Unholy",
      "class": 1,
      "affixes": [
        9,
        10,
        147
      ],
      "medal": "none",
      "score": 319.38000488281,
      "leaderboard": 0,
      "faction": 0
    },
    {
      "lockedIn": true,
      "rankPercent": 40.694567378183415,
      "historicalPercent": 40.694567378183415,
      "todayPercent": 30.09416182811967,
      "rankTotalParses": 6417,
      "historicalTotalParses": 6417,
      "todayTotalParses": 18106,
      "guild": {
        "id": null,
        "name": null,
        "faction": null
      },
      "report": {
        "code": "qHLJwv1GANM7fzxj",
        "startTime": 1777727807431,
        "fightID": 7
      },
      "duration": 1794558,
      "startTime": 1777731961536,
      "amount": 155920.93261998892,
      "bracketData": 17,
      "spec": "Unholy",
      "bestSpec": "Unholy",
      "class": 1,
      "affixes": [
        9,
        10,
        147
      ],
      "medal": "bronze",
      "score": 440.113375,
      "leaderboard": 0,
      "faction": 0
    },
    {
      "lockedIn": true,
      "rankPercent": 74.10463015800234,
      "historicalPercent": 74.10463015800234,
      "todayPercent": 53.66078587893772,
      "rankTotalParses": 7766,
      "historicalTotalParses": 7766,
      "todayTotalParses": 18992,
      "guild": {
        "id": null,
        "name": null,
        "faction": null
      },
      "report": {
        "code": "dfFNwDHWr3RVMtZ8",
        "startTime": 1777320197662,
        "fightID": 5
      },
      "duration": 1774151,
      "startTime": 1777325207604,
      "amount": 143738.9201899767,
      "bracketData": 15,
      "spec": "Unholy",
      "bestSpec": "Unholy",
      "class": 1,
      "affixes": [
        9,
        10,
        147
      ],
      "medal": "bronze",
      "score": 410.53852083333,
      "leaderboard": 0,
      "faction": 0
    },
    {
      "lockedIn": true,
      "rankPercent": 69.66329890955171,
      "historicalPercent": 69.66329890955171,
      "todayPercent": 66.39137557010578,
      "rankTotalParses": 4101,
      "historicalTotalParses": 4101,
      "todayTotalParses": 5948,
      "guild": {
        "id": null,
        "name": null,
        "faction": null
      },
      "report": {
        "code": "37xwDJkyhjTf8NnL",
        "startTime": 1779704565983,
        "fightID": 47
      },
      "duration": 1104908,
      "startTime": 1779731419916,
      "amount": 115047.36684000492,
      "bracketData": 10,
      "spec": "Frost",
      "bestSpec": "Frost",
      "class": 1,
      "affixes": [
        9,
        10,
        162
      ],
      "medal": "silver",
      "score": 334.48108333333,
      "leaderboard": 0,
      "faction": 0
    }
  ]
}